,val_chrf,val_loss,lr-AdamW,val_bleu,translation_examples,_step,_runtime,_timestamp,train_loss_epoch,train_loss_step,trainer/global_step,epoch
0,,,0.0002,,,274,466.670958822,1772622667.4672358,,,89,
1,,,0.0002,,,504,822.357641506,1772623023.1538997,,,159,
2,,,0.0002,,,689,1079.705551645,1772623280.5018349,,,209,
3,,,0.0002,,,788,1232.263761186,1772623433.0600655,,,239,
4,,,0.0002,,,980,1536.595455062,1772623737.3917356,,,299,
5,,,0.0002,,,1299,2043.43824428,1772624244.2345357,,,399,
6,,,0.0002,,,1395,2195.772405007,1772624396.5686767,,,429,
7,,,0.0002,,,1456,2297.020096676,1772624497.8163815,,,449,
8,,,0.0002,,,1597,2502.232876777,1772624703.0291805,,,489,
9,,,0.0002,,,2185,3415.76392214,1772625616.560214,,,669,
10,,,0.0002,,,2225,3467.708135423,1772625668.5044096,,,679,
11,,,0.0002,,,2324,3620.105008344,1772625820.9012747,,,709,
12,,,0.0002,,,2354,3670.308769993,1772625871.105057,,,719,
13,,,0.0002,,,2533,3926.690327267,1772626127.4865975,,,769,
14,,,0.0002,,,2610,4075.54333424,1772626276.339635,,,799,
15,,,0.0002,,,2648,4127.347919729,1772626328.1442149,,,809,
16,,,0.0002,,,3503,13098.660973859,1772635299.4572637,,,1069,
17,,,0.0002,,,3576,13201.935095981,1772635402.7314043,,,1089,
18,,,0.0002,,,4314,14329.47058715,1772636530.266883,,,1309,
19,,,0.0002,,,4562,14735.723982932,1772636936.5202737,,,1389,
20,,,0.0002,,,4813,15097.028818036,1772637297.825114,,,1459,
21,,,0.0002,,,5518,16218.638232785,1772638419.4345176,,,1679,
22,,,0.0002,,,5528,16220.252838291,1772638421.0491338,,,1679,
23,,,0.0002,,,5864,24334.649359036,1772646535.4456131,,,1779,
24,,,0.0002,,,6608,25510.222540747,1772647711.018804,,,2009,
25,,,0.0002,,,6725,25667.144808198,1772647867.9410946,,,2039,
26,,,0.0002,,,6783,25768.441269555,1772647969.237569,,,2059,
27,,,0.0002,,,6903,25970.997628025,1772648171.7938938,,,2099,
28,,,0.0002,,,7093,26231.11867006,1772648431.9149563,,,2149,
29,,,0.0002,,,7208,26433.970497608,1772648634.7667303,,,2189,
30,,,0.0002,,,7210,26434.296403325,1772648635.0926766,,,2189,
31,,,0.0002,,,7328,26590.627660479,1772648791.4239478,,,2219,
32,,,0.0002,,,7565,27000.647508712,1772649201.4437842,,,2299,
33,,,0.0002,,,7635,27105.22545917,1772649306.021719,,,2319,
34,,,0.0002,,,8182,27931.398533637,1772650132.1948268,,,2479,
35,,,0.0002,,,8501,28443.876979374,1772650644.6732724,,,2579,
36,,,,,,8719,36309.430354937,1772658510.2265625,,0.6490306854248047,2639,1.0
37,,,0.0002,,,8840,36513.19500041,1772658713.991303,,,2679,
38,,,0.0002,,,8873,36564.780579158,1772658765.5768795,,,2689,
39,,,0.0002,,,8909,36616.508993894,1772658817.3052483,,,2699,
40,,,0.0002,,,8931,36666.201248859,1772658866.99751,,,2709,
41,,,0.0002,,,9007,36770.822152855,1772658971.6184025,,,2729,
42,,,0.0002,,,9073,36873.953239402,1772659074.7495375,,,2749,
43,,,0.0002,,,9653,37797.967495832,1772659998.7637842,,,2929,
44,,,0.0002,,,9753,37952.449412493,1772660153.2456756,,,2959,
45,,,0.0002,,,10266,38726.617505624,1772660927.4137902,,,3109,
46,,,0.0002,,,10440,39031.053556825,1772661231.8498762,,,3169,
47,,,0.0002,,,10627,39291.102026261,1772661491.898312,,,3219,
48,,,0.0002,,,10770,39544.417691368,1772661745.2139578,,,3269,
49,,,0.0002,,,10784,39546.652797964,1772661747.4490569,,,3269,
50,,,0.0002,,,11216,40215.453050934,1772662416.2493625,,,3399,
51,,,0.0002,,,11251,40267.348556626,1772662468.1448545,,,3409,
52,,,0.0002,,,11324,40371.145031172,1772662571.9413185,,,3429,
53,,,0.0002,,,11634,48561.18846493,1772670761.9847195,,,3529,
54,,,0.0002,,,12524,49951.851074949,1772672152.6473742,,,3799,
55,,,0.0002,,,12607,50057.800893359,1772672258.5971556,,,3819,
56,,,0.0002,,,13284,51137.877023078,1772673338.673317,,,4029,
57,,,0.0002,,,13423,51345.114613069,1772673545.910911,,,4069,
58,,,0.0002,,,13426,51345.582894421,1772673546.379173,,,4069,
59,,,0.0002,,,13591,51603.48575451,1772673804.282043,,,4119,
60,,,0.0002,,,13628,51655.362348641,1772673856.1586127,,,4129,
61,,,0.0002,,,13647,51704.676449445,1772673905.4727519,,,4139,
62,,,0.0002,,,14003,52270.103198085,1772674470.8994832,,,4249,
63,,,0.0002,,,14212,52580.821848472,1772674781.618142,,,4309,
64,,,0.0002,,,14524,60280.33648965,1772682481.1327672,,,4399,
65,,,0.0002,,,14776,60691.022030761,1772682891.818336,,,4479,
66,,,0.0002,,,15598,61980.316620107,1772684181.1129103,,,4729,
67,,,0.0002,,,15610,61982.244624035,1772684183.040918,,,4729,
68,,,0.0002,,,15657,62082.480947367,1772684283.2772176,,,4749,
69,,,0.0002,,,15724,62186.144812634,1772684386.941078,,,4769,
70,,,0.0002,,,15738,62188.485777669,1772684389.2820446,,,4769,
71,,,0.0002,,,15764,62238.766180227,1772684439.5624602,,,4779,
72,,,0.0002,,,15854,62391.843157471,1772684592.6394324,,,4809,
73,,,0.0002,,,15956,62546.928537691,1772684747.724812,,,4839,
74,,,0.0002,,,16282,63062.47801003,1772685263.2742789,,,4939,
75,,,0.0002,,,17745,72956.914564892,1772695157.7108586,,,5379,
76,,,0.0002,,,18309,73830.262505952,1772696031.0587933,,,5549,
77,,,0.0002,,,18433,74034.159108728,1772696234.9554133,,,5589,
78,,,0.0002,,,18758,74501.355051424,1772696702.151306,,,5679,
79,,,0.0002,,,18845,74653.22923979,1772696854.025517,,,5709,
80,,,0.0002,,,18985,74859.713405232,1772697060.5096827,,,5749,
81,,,0.0002,,,19276,75321.699470175,1772697522.495754,,,5839,
82,,,0.0002,,,19635,75886.255486554,1772698087.0517795,,,5949,
83,,,0.0002,,,19693,75987.999810104,1772698188.7960715,,,5969,
84,,,0.0002,,,20821,85392.701091489,1772707593.4973814,,,6309,
85,,,0.0002,,,20920,85547.545598737,1772707748.3418808,,,6339,
86,,,,,,21137,85859.512515116,1772708060.3086407,,0.5022913217544556,6399,3.0
87,,,0.0002,,,21471,86420.88370613,1772708621.6799815,,,6509,
88,,,,,,21500,86425.588135099,1772708626.3843641,,0.7643950581550598,6509,3.0
89,,,0.0002,,,21801,86935.379348261,1772709136.1756163,,,6609,
90,,,0.0002,,,21937,87142.074244623,1772709342.8705347,,,6649,
91,,,0.0002,,,22135,87451.712731424,1772709652.5090046,,,6709,
92,,,0.0002,,,22140,87452.517559785,1772709653.313857,,,6709,
93,,,0.0002,,,22702,88327.220430969,1772710528.0166929,,,6879,
94,,,0.0002,,,23310,96860.305384687,1772719061.1016824,,,7059,
95,,,0.0002,,,23393,97012.120063399,1772719212.9163451,,,7089,
96,,,0.0002,,,23715,97524.810700347,1772719725.6069849,,,7189,
97,,,0.0002,,,23776,97580.722695419,1772719781.5189848,,,7199,
98,,,0.0002,,,24087,98092.35127633,1772720293.1475637,,,7299,
99,,,0.0002,,,24219,98298.073761722,1772720498.8700488,,,7339,
100,,,0.0002,,,24451,98658.647506021,1772720859.4438028,,,7409,
101,,,0.0002,,,24485,98709.954892466,1772720910.7511733,,,7419,
102,,,0.0002,,,25012,99532.53222775,1772721733.3285227,,,7579,
103,,,0.0002,,,25414,100150.291002892,1772722351.087266,,,7699,
104,,,0.0002,,,25598,100456.756357722,1772722657.5526476,,,7759,
105,,,0.0002,,,25726,108362.586356638,1772730563.3826451,,,7789,
106,,,0.0002,,,25873,108616.093480891,1772730816.8897624,,,7839,
107,,,0.0002,,,26221,109133.669136516,1772731334.4654367,,,7939,
108,,,0.0002,,,26331,109335.677337937,1772731536.4736018,,,7979,
109,,,0.0002,,,26721,109951.854092437,1772732152.6503608,,,8099,
110,,,0.0002,,,26859,110158.163450244,1772732358.9597192,,,8139,
111,,,0.0002,,,27020,110414.356481968,1772732615.152774,,,8189,
112,,,0.0002,,,27149,110619.595706815,1772732820.391993,,,8229,
113,,,0.0002,,,27314,110876.541781217,1772733077.3380477,,,8279,
114,,,0.0002,,,27485,111134.969978596,1772733335.7662706,,,8329,
115,,,0.0002,,,27498,111137.053621658,1772733337.8499002,,,8329,
116,,,0.0002,,,28133,112114.993535551,1772734315.789831,,,8519,
117,,,0.0002,,,28338,112471.102062032,1772734671.8983414,,,8589,
118,,,0.0002,,,28590,120535.888804122,1772742736.6850731,,,8669,
119,,,0.0002,,,28854,120947.277506486,1772743148.0734384,,,8749,
120,,,0.0002,,,29180,121461.020845891,1772743661.8171422,,,8849,
121,,,0.0002,,,29345,121718.130784542,1772743918.927054,,,8899,
122,,,0.0002,,,29377,121769.445990732,1772743970.2422469,,,8909,
123,,,0.0002,,,29583,122079.076262364,1772744279.872329,,,8969,
124,,,0.0002,,,29703,122282.699885818,1772744483.4961646,,,9009,
125,,,0.0002,,,29871,122540.038069117,1772744740.8343346,,,9059,
126,,,0.0002,,,30124,122903.625171551,1772745104.4214532,,,9129,
127,,,0.0002,,,30265,123156.807542707,1772745357.6038375,,,9179,
128,,,0.0002,,,30289,123160.629449355,1772745361.4257367,,,9179,
129,,,0.0002,,,30365,123311.172851328,1772745511.9690967,,,9209,
130,,,0.0002,,,30536,123569.324196642,1772745770.120485,,,9259,
131,,,0.0002,,,30947,124188.596105072,1772746389.3923855,,,9379,
132,,,,,,31348,132534.051129064,1772754734.8473313,,0.8202962279319763,9499,5.0
133,,,0.0002,,,31371,132584.048232141,1772754784.8445055,,,9509,
134,,,0.0002,,,31753,133198.151356089,1772755398.9476295,,,9629,
135,,,0.0002,,,32720,134690.520937291,1772756891.3172152,,,9919,
136,,,0.0002,,,33350,135667.709632448,1772757868.5059373,,,10109,
137,,,0.0002,,,33558,135977.543371031,1772758178.3396647,,,10169,
138,,,0.0002,,,33593,136075.469772249,1772758276.2660449,,,10189,
139,,,0.0002,,,33778,136335.902047332,1772758536.698338,,,10239,
140,,,0.0002,,,34031,136745.568176983,1772758946.3644166,,,10319,
141,,,0.0002,,,34108,136850.17528132,1772759050.9715657,,,10339,
142,,,0.0002,,,34371,144971.838645479,1772767172.63492,,,10419,
143,,,0.0002,,,34530,145227.820702454,1772767428.6169512,,,10469,
144,,,,,,34552,145231.346179472,1772767432.1423252,,0.039053723216056824,10469,6.0
145,,,0.0002,,,35063,146051.320478809,1772768252.1167524,,,10629,
146,,,0.0002,,,35464,146668.75222758,1772768869.5485232,,,10749,
147,,,0.0002,,,35514,146768.795349986,1772768969.5916178,,,10769,
148,,,0.0002,,,36083,147643.550845006,1772769844.347104,,,10939,
149,,,0.0002,,,36112,147694.285342995,1772769895.0816333,,,10949,
150,,,0.0002,,,37426,157420.886649121,1772779621.6829057,,,11349,
151,,,0.0002,,,37428,157421.200486817,1772779621.996755,,,11349,
152,,,0.0002,,,37440,157423.137525286,1772779623.9337804,,,11349,
153,,,0.0002,,,37853,158042.653676756,1772780243.4499552,,,11469,
154,,,0.0002,,,38064,158399.757511469,1772780600.553787,,,11539,
155,,,0.0002,,,38552,159169.128728043,1772781369.9250138,,,11689,
156,,,0.0002,,,38911,159734.535310882,1772781935.331593,,,11799,
157,,,0.0002,,,39091,159993.89145275,1772782194.6877143,,,11849,
158,,,0.0002,,,39166,160098.432612761,1772782299.2289126,,,11869,
159,,,0.0002,,,39445,160558.299798719,1772782759.0960803,,,11959,
160,,,0.0002,,,39612,160815.611773667,1772783016.4080477,,,12009,
161,,,0.0002,,,39938,168958.553195157,1772791159.3494759,,,12109,
162,,,0.0002,,,40004,169061.922645215,1772791262.718931,,,12129,
163,,,0.0002,,,40042,169114.343809024,1772791315.140068,,,12139,
164,,,0.0002,,,40219,169373.054209335,1772791573.850497,,,12189,
165,,,0.0002,,,40381,169629.981909731,1772791830.7781887,,,12239,
166,,,0.0002,,,40409,169680.344359227,1772791881.1406367,,,12249,
167,,,0.0002,,,41000,170607.282548981,1772792808.0788345,,,12429,
168,,,0.0002,,,41068,170710.842719852,1772792911.6390133,,,12449,
169,,,0.0002,,,41164,170864.818168127,1772793065.6144505,,,12479,
170,,,0.0002,,,41174,170866.435804935,1772793067.232049,,,12479,
171,,,0.0002,,,41448,171280.180616512,1772793480.9769213,,,12559,
172,,,0.0002,,,41583,171486.683857687,1772793687.4801505,,,12599,
173,,,0.0002,,,41968,172102.611843661,1772794303.408126,,,12719,
174,,,0.0002,,,42062,172256.291698718,1772794457.0879867,,,12749,
175,,,0.0002,,,42194,172462.658573844,1772794663.4548693,,,12789,
176,,,0.0002,,,42352,172718.730815331,1772794919.527111,,,12839,
177,,,0.0002,,,42756,181185.88149919,1772803386.677761,,,12959,
178,,,0.0002,,,42783,181236.529290144,1772803437.3255675,,,12969,
179,,,0.0002,,,42784,181236.699051868,1772803437.4953232,,,12969,
180,,,,,,42908,181396.109418906,1772803596.905617,,0.4710046052932739,12999,7.0
181,,,0.0002,,,43194,181859.160004047,1772804059.9562793,,,13089,
182,,,0.0002,,,43500,182325.620873672,1772804526.4171233,,,13179,
183,,,0.0002,,,43549,182425.617534718,1772804626.413843,,,13199,
184,,,0.0002,,,43591,182479.064229318,1772804679.8605216,,,13209,
185,,,0.0002,,,43802,182836.878113332,1772805037.6743898,,,13279,
186,,,0.0002,,,44218,183459.497825334,1772805660.2941225,,,13399,
187,,,0.0002,,,44263,183559.43181626,1772805760.2280838,,,13419,
188,,,0.0002,,,44316,183614.605677514,1772805815.4019554,,,13429,
189,,,0.0002,,,44348,183666.223622292,1772805867.0199034,,,13439,
190,,,0.0002,,,44628,184127.573037964,1772806328.3693378,,,13529,
191,,,0.0002,,,45137,184905.133409862,1772807105.9296892,,,13679,
192,,,0.0002,,,45215,185009.925500852,1772807210.7217965,,,13699,
193,,,0.0002,,,45649,193480.711788494,1772815681.5080714,,,13829,
194,,,0.0002,,,45669,193530.384539149,1772815731.1808376,,,13839,
195,,,0.0002,,,45704,193581.729055613,1772815782.525354,,,13849,
196,,,0.0002,,,46161,194302.450303621,1772816503.2465694,,,13989,
197,,,0.0002,,,46468,194767.695852361,1772816968.4921532,,,14079,
198,,,0.0002,,,46923,195488.144627419,1772817688.940914,,,14219,
199,,,0.0002,,,46929,195489.111483023,1772817689.9077828,,,14219,
200,,,0.0002,,,47156,195849.151328891,1772818049.9476085,,,14289,
201,,,0.0002,,,47470,196361.916372514,1772818562.7126157,,,14389,
202,,,0.0002,,,47820,196880.636093716,1772819081.4323676,,,14489,
203,,,0.0002,,,48554,205767.348364261,1772827968.1446176,,,14709,
204,,,0.0002,,,48616,205869.80664558,1772828070.6029382,,,14729,
205,,,0.0002,,,48950,206385.816503928,1772828586.6127853,,,14829,
206,,,0.0002,,,49552,207363.217235555,1772829564.013503,,,15019,
207,,,0.0002,,,49576,207367.056938095,1772829567.8532262,,,15019,
208,,,,,,50008,208037.789278091,1772830238.585547,,0.5022978782653809,15149,8.0
209,,,,,,50074,208141.130474367,1772830341.9267526,,1.1725963354110718,15169,8.0
210,,,0.0002,,,50089,208189.747690391,1772830390.5439906,,,15179,
211,,,0.0002,,,50143,208291.145771875,1772830491.9420617,,,15199,
212,,,0.0002,,,50193,208345.379700833,1772830546.1759977,,,15209,
213,,,0.0002,,,50888,209430.055344409,1772831630.851607,,,15419,
214,,,0.0002,,,51446,218098.710875886,1772840299.507144,,,15589,
215,,,0.0002,,,51741,218561.182165652,1772840761.978456,,,15679,
216,,,0.0002,,,51761,218610.899349046,1772840811.69562,,,15689,
217,,,0.0002,,,52906,220365.419870966,1772842566.2161424,,,16029,
218,,,,,,52915,220366.864304388,1772842567.6603992,,0.8541902303695679,16029,9.0
219,,,0.0002,,,52968,220467.992392146,1772842668.7886808,,,16049,
220,,,0.0002,,,53266,220931.407068124,1772843132.2033293,,,16139,
221,,,0.0002,,,53274,220932.678529149,1772843133.4748063,,,16139,
222,,,0.0002,,,53393,221136.864602415,1772843337.6608577,,,16179,
223,,,0.0002,,,53636,221498.889696075,1772843699.6859813,,,16249,
224,,,0.0002,,,53701,221601.970660658,1772843802.7669213,,,16269,
225,,,0.0002,,,53856,221857.660205634,1772844058.4564881,,,16319,
226,,,0.0002,,,54153,230018.844206967,1772852219.6405225,,,16409,
227,,,0.0002,,,54215,230120.383449702,1772852321.1797395,,,16429,
228,,,0.0002,,,54232,230123.106821763,1772852323.9031315,,,16429,
229,,,0.0002,,,54409,230427.479071319,1772852628.2753384,,,16489,
230,,,0.0002,,,54811,231043.610092119,1772853244.406377,,,16609,
231,,,0.0002,,,54909,231197.18380256,1772853397.9801111,,,16639,
232,,,0.0002,,,54972,231298.995295289,1772853499.7915819,,,16659,
233,,,0.0002,,,55608,232275.439514699,1772854476.2357757,,,16849,
234,,,0.0002,,,55659,232375.713062674,1772854576.5093458,,,16869,
235,,,,,,55821,232585.588015529,1772854786.384163,,0.8206691145896912,16909,9.0
236,,,0.0002,,,55905,232736.872858565,1772854937.6691463,,,16939,
237,,,0.0002,,,56244,233251.085259652,1772855451.881553,,,17039,
238,,,0.0002,,,56377,233456.821552417,1772855657.6178606,,,17079,
239,,,0.0002,,,57357,242820.205302034,1772865021.001603,,,17389,
240,,,0.0002,,,57386,242871.094418927,1772865071.8907125,,,17399,
241,,,0.0002,,,57818,243541.568162543,1772865742.3644376,,,17529,
242,,,0.0002,,,58098,243956.231922511,1772866157.0282137,,,17609,
243,,,0.0002,,,58275,244262.097248535,1772866462.8935368,,,17669,
244,,,0.0002,,,58709,244933.072637678,1772867133.8689322,,,17799,
245,,,0.0002,,,59076,245501.679238101,1772867702.4755285,,,17909,
246,,,0.0002,,,59471,246120.320080603,1772868321.1163614,,,18029,
247,,,0.0002,,,59734,246532.446527981,1772868733.2428048,,,18109,
248,,,0.0002,,,59738,246533.087312469,1772868733.8835993,,,18109,
249,,,0.0002,,,59806,254350.200352091,1772876550.9966266,,,18129,
250,,,0.0002,,,59820,254352.458578163,1772876553.2548718,,,18129,
251,,,0.0002,,,59921,254506.706076772,1772876707.5023465,,,18159,
252,,,0.0002,,,60236,255019.932271839,1772877220.7285635,,,18259,
253,,,0.0002,,,60281,255073.191645022,1772877273.98793,,,18269,
254,,,0.0002,,,60941,256104.598384673,1772878305.3946767,,,18469,
255,,,0.0002,,,61058,256308.910327175,1772878509.7066085,,,18509,
256,,,0.0002,,,61135,256413.444687511,1772878614.2409656,,,18529,
257,,,0.0002,,,61337,256724.614202688,1772878925.4104824,,,18589,
258,,,0.0002,,,61432,256878.376081411,1772879079.172353,,,18619,
259,,,0.0002,,,61575,257132.56693255,1772879333.3631933,,,18669,
260,,,0.0002,,,61658,257238.44475609,1772879439.2410307,,,18689,
261,,,0.0002,,,61800,257446.20242027,1772879646.9987056,,,18729,
262,,,,,,61803,257446.706802759,1772879647.503082,,0.18928959965705872,18729,10.0
263,,,0.0002,,,61939,257700.571914796,1772879901.3682115,,,18779,
264,,,0.0002,,,62171,258062.415253943,1772880263.2115297,,,18849,
265,,,0.0002,,,62516,258580.558824248,1772880781.3551173,,,18949,
266,,,0.0002,,,62567,258680.670217916,1772880881.4665158,,,18969,
267,,,0.0002,,,62588,258684.087170069,1772880884.883458,,,18969,
268,,,0.0002,,,62644,266489.436827814,1772888690.2331312,,,18989,
269,,,0.0002,,,62653,266490.880982828,1772888691.6772778,,,18989,
270,,,,,,62862,266801.841704378,1772889002.637909,,0.5453149080276489,19049,11.0
271,,,0.0002,,,63278,267469.854769911,1772889670.651052,,,19179,
272,,,0.0002,,,63287,267471.3085494,1772889672.1048365,,,19179,
273,,,0.0002,,,63492,267827.983814352,1772890028.7801087,,,19249,
274,,,0.0002,,,63878,268398.914187937,1772890599.7104905,,,19359,
275,,,0.0002,,,63970,268552.278408399,1772890753.0746808,,,19389,
276,,,0.0002,,,64272,269017.002344124,1772891217.7986093,,,19479,
277,,,0.0002,,,64292,269066.387939156,1772891267.1842177,,,19489,
278,,,0.0002,,,64361,269170.025450905,1772891370.821609,,,19509,
279,,,0.0002,,,64508,269378.434764157,1772891579.2310271,,,19549,
280,,,0.0002,,,64624,269581.827253181,1772891782.623553,,,19589,
281,,,0.0002,,,64633,269583.279823922,1772891784.0761187,,,19589,
282,,,0.0002,,,65144,270405.153250324,1772892605.9495397,,,19749,
283,,,0.0002,,,65329,270665.862814517,1772892866.6590993,,,19799,
284,,,0.0002,,,65577,278891.741698669,1772901092.5379813,,,19879,
285,,,0.0002,,,65808,279252.721492812,1772901453.5177906,,,19949,
286,,,0.0002,,,65949,279460.666571539,1772901661.4628353,,,19989,
287,,,0.0002,,,66364,280129.383235959,1772902330.1795125,,,20119,
288,,,0.0002,,,66587,280443.600861099,1772902644.397136,,,20179,
289,,,0.0002,,,66979,281062.480329809,1772903263.2766101,,,20299,
290,,,0.0002,,,67454,281834.132016092,1772904034.9282951,,,20449,
291,,,0.0002,,,68056,282765.865055648,1772904966.661335,,,20629,
292,,,0.0002,,,68146,282919.084921204,1772905119.8812068,,,20659,
293,,,0.0002,,,68440,291086.284886288,1772913287.0811846,,,20739,
294,,,0.0002,,,68634,291394.570459379,1772913595.3667262,,,20799,
295,,,,,,68642,291395.881836236,1772913596.6780763,,0.4574917256832123,20799,12.0
296,,,0.0002,,,68856,291753.519384439,1772913954.3156734,,,20869,
297,,,,,,69236,292321.755869419,1772914522.5520465,,0.3479473888874054,20979,12.0
298,,,0.0002,,,69726,293092.817208663,1772915293.6134958,,,21129,
299,,,0.0002,,,69985,293504.149384332,1772915704.9456801,,,21209,
300,,,0.0002,,,70768,294738.554170047,1772916939.3504648,,,21449,
301,,,0.0002,,,70805,294790.67926317,1772916991.475533,,,21459,
302,,,0.0002,,,70819,294792.947417798,1772916993.7437038,,,21459,
303,,,0.0002,,,71015,295102.008181709,1772917302.8044803,,,21519,
304,,,0.0002,,,71075,295204.118647793,1772917404.9149373,,,21539,
305,,,0.0002,,,71160,295356.243976081,1772917557.04025,,,21569,
306,,,0.0002,,,71237,303293.356757463,1772925494.1530294,,,21589,
307,,,0.0002,,,71467,303654.313205211,1772925855.1094687,,,21659,
308,,,0.0002,,,71477,303655.890760241,1772925856.6870515,,,21659,
309,,,0.0002,,,71562,303808.512978142,1772926009.309255,,,21689,
310,,,0.0002,,,71691,304014.146954329,1772926214.94324,,,21729,
311,,,0.0002,,,71908,304326.844342887,1772926527.6406105,,,21789,
312,,,0.0002,,,72645,305510.865848913,1772927711.6621234,,,22019,
313,,,0.0002,,,72652,305511.985156791,1772927712.7814279,,,22019,
314,,,0.0002,,,72872,305871.825797826,1772928072.622069,,,22089,
315,,,0.0002,,,73138,306285.287221026,1772928486.0835164,,,22169,
316,,,,,,73924,307476.36753735,1772929677.1638196,,0.7427358627319336,22399,12.0
317,,,0.0002,,,74259,315752.028234782,1772937952.8245165,,,22509,
318,,,0.0002,,,74316,315807.429870034,1772938008.2261376,,,22519,
319,,,0.0002,,,75131,317095.009312421,1772939295.8055847,,,22769,
320,,,0.0002,,,75305,317353.757092993,1772939554.5533748,,,22819,
321,,,0.0002,,,76097,318591.23434601,1772940792.0305939,,,23059,
322,,,0.0002,,,76154,318692.999951689,1772940893.7962532,,,23079,
323,,,0.0002,,,77006,327856.208419158,1772950057.0046964,,,23339,
324,,,0.0002,,,77582,328734.532535844,1772950935.3288147,,,23509,
325,,,0.0002,,,77594,328782.682134532,1772950983.478432,,,23519,
326,,,0.0002,,,77935,329300.396783733,1772951501.1930704,,,23619,
327,,,0.0002,,,78334,329919.143881065,1772952119.940179,,,23739,
328,,,0.0002,,,78814,330689.549058948,1772952890.3453345,,,23889,
329,,,0.0002,,,79031,331001.561485038,1772953202.3577511,,,23949,
330,,,0.0002,,,79393,331567.895635169,1772953768.6919239,,,24059,
331,,,2e-05,,,79764,339889.355916741,1772962090.1522133,,,24169,
332,,,2e-05,,,80007,340299.29089249,1772962500.087186,,,24249,
333,,,2e-05,,,80179,340558.372302483,1772962759.1685944,,,24299,
334,,,2e-05,,,80311,340761.498189401,1772962962.2945035,,,24339,
335,,,2e-05,,,80359,340814.503737536,1772963015.2999868,,,24349,
336,,,2e-05,,,80624,341219.443159894,1772963420.2394583,,,24429,
337,,,2e-05,,,81183,342079.300734081,1772964280.0970318,,,24599,
338,,,2e-05,,,81410,342433.186126035,1772964633.9824233,,,24669,
339,,,2e-05,,,81460,342532.093262378,1772964732.8895452,,,24689,
340,,,2e-05,,,81952,343291.050698706,1772965491.8469772,,,24839,
341,,,2e-05,,,81972,343294.2295675,1772965495.0258625,,,24839,
342,,,2e-05,,,82535,344155.921664279,1772966356.7179675,,,25009,
343,,,2e-05,,,82879,352425.989182976,1772974626.785475,,,25119,
344,,,,,,82943,352482.950484729,1772974683.7466216,,0.5378243923187256,25129,14.0
345,,,2e-05,,,83110,352787.835275353,1772974988.6315448,,,25189,
346,,,2e-05,,,83373,353200.904007325,1772975401.700286,,,25269,
347,,,2e-05,,,83444,353305.509669875,1772975506.3059256,,,25289,
348,,,2e-05,,,83454,353307.147582593,1772975507.9438624,,,25289,
349,,,2e-05,,,84288,354600.50405037,1772976801.30033,,,25539,
350,,,2e-05,,,84290,354601.051228465,1772976801.8475194,,,25539,
351,,,2e-05,,,84328,354653.614715318,1772976854.4109812,,,25549,
352,,,2e-05,,,84549,355014.152490445,1772977214.9487398,,,25619,
353,,,2e-05,,,84559,355015.760937062,1772977216.557232,,,25619,
354,,,2e-05,,,84777,355374.735112166,1772977575.5314116,,,25689,
355,,,,,,85088,355841.936053132,1772978042.7323387,,0.5799368023872375,25779,14.0
356,,,2e-05,,,85256,356146.860234092,1772978347.6565297,,,25839,
357,,,2e-05,,,85353,356301.293237554,1772978502.089519,,,25869,
358,,,2e-05,,,85380,356305.589601633,1772978506.385902,,,25869,
359,,,,,,85424,364192.397618625,1772986393.1938672,,0.6243584156036377,25889,14.0
360,,,2e-05,,,85555,364393.955085724,1772986594.7513793,,,25929,
361,,,2e-05,,,86549,365953.442465651,1772988154.2387412,,,26239,
362,,,2e-05,,,86578,365958.037210342,1772988158.8335044,,,26239,
363,,,2e-05,,,86799,366309.833285308,1772988510.6295998,,,26309,
364,,,2e-05,,,86978,366610.23375228,1772988811.030042,,,26369,
365,,,2e-05,,,87199,366917.018744283,1772989117.8150594,,,26429,
366,,,2e-05,,,87327,367118.374520916,1772989319.170812,,,26469,
367,,,2e-05,,,87388,367218.722660718,1772989419.518952,,,26489,
368,,,2e-05,,,87457,367320.308913948,1772989521.1051908,,,26509,
369,,,2e-05,,,87574,367519.781584956,1772989720.5778508,,,26549,
370,,,2e-05,,,87777,367823.637710805,1772990024.4339962,,,26609,
371,,,2e-05,,,88036,368226.204989841,1772990427.0012853,,,26689,
372,,,2e-05,,,88417,376467.654857504,1772998668.451139,,,26799,
373,,,2e-05,,,88492,376570.012196776,1772998770.8084903,,,26819,
374,,,2e-05,,,88521,376619.8527685,1772998820.6490533,,,26829,
375,,,2e-05,,,88601,376768.580197125,1772998969.3765047,,,26859,
376,,,2e-05,,,88608,376769.679482654,1772998970.475788,,,26859,
377,,,2e-05,,,88928,377272.293047907,1772999473.0893023,,,26959,
378,,,2e-05,,,89138,377576.755858958,1772999777.5521648,,,27019,
379,,,2e-05,,,89224,377726.053652829,1772999926.8499455,,,27049,
380,,,2e-05,,,89274,377779.152969224,1772999979.9492636,,,27059,
381,,,2e-05,,,89910,378739.908561799,1773000940.7048454,,,27249,
382,,,2e-05,,,90691,379949.147770953,1773002149.9440694,,,27489,
383,,,2e-05,,,91245,388483.414948344,1773010684.211259,,,27659,
384,,,2e-05,,,91576,388988.923628693,1773011189.7199142,,,27759,
385,,,2e-05,,,91817,389344.085604046,1773011544.8819015,,,27829,
386,,,2e-05,,,91939,389544.536712165,1773011745.333004,,,27869,
387,,,2e-05,,,92061,389699.652639397,1773011900.4489152,,,27899,
388,,,2e-05,,,92064,389745.424867518,1773011946.221152,,,27909,
389,,,2e-05,,,92308,390101.046624013,1773012301.8429046,,,27979,
390,,,2e-05,,,92650,390608.276906346,1773012809.0732062,,,28079,
391,,,2e-05,,,92750,390760.376504326,1773012961.172741,,,28109,
392,,,2e-05,,,92985,391114.706607312,1773013315.502891,,,28179,
393,,,2e-05,,,93003,391162.73477367,1773013363.5310774,,,28189,
394,,,2e-05,,,93166,391415.752875645,1773013616.549145,,,28239,
395,,,2e-05,,,93391,391768.618395183,1773013969.4146628,,,28309,
396,,,2e-05,,,93652,392172.155369884,1773014372.9516544,,,28389,
397,,,2e-05,,,93726,392274.708237626,1773014475.5045428,,,28409,
398,,,2e-05,,,93801,392377.088476851,1773014577.8847718,,,28429,
399,,,2e-05,,,93848,392474.882637136,1773014675.6789365,,,28449,
400,,,2e-05,,,93913,392575.842657963,1773014776.6389627,,,28469,
401,,,2e-05,,,94765,401529.7248395,1773023730.521142,,,28719,
402,,,2e-05,,,94908,401779.098367316,1773023979.8946247,,,28769,
403,,,2e-05,,,95115,402084.172183871,1773024284.9684803,,,28829,
404,,,2e-05,,,95138,402133.2517489,1773024334.0480359,,,28839,
405,,,2e-05,,,95265,402289.29787716,1773024490.0941525,,,28869,
406,,,2e-05,,,95409,402538.757703162,1773024739.5540018,,,28919,
407,,,2e-05,,,95704,402993.79972184,1773025194.596021,,,29009,
408,,,2e-05,,,95840,403196.800688326,1773025397.596989,,,29049,
409,,,2e-05,,,95911,403298.582478701,1773025499.3787796,,,29069,
410,,,2e-05,,,95915,403299.238217942,1773025500.034488,,,29069,
411,,,2e-05,,,95966,403397.939235804,1773025598.7355516,,,29089,
412,,,2e-05,,,96021,403452.225932602,1773025653.0222328,,,29099,
413,,,2e-05,,,96089,403553.555864839,1773025754.3521645,,,29119,
414,,,2e-05,,,96267,403853.635691367,1773026054.431993,,,29179,
415,,,2e-05,,,96340,403955.659693306,1773026156.4559796,,,29199,
416,,,2e-05,,,96465,404156.798776468,1773026357.5950668,,,29239,
417,,,2e-05,,,96519,404210.617728813,1773026411.4140399,,,29249,
418,,,2e-05,,,97159,412914.815941436,1773035115.6122093,,,29449,
419,,,2e-05,,,97167,412916.081823835,1773035116.8781343,,,29449,
420,,,2e-05,,,97784,413871.677443408,1773036072.4737186,,,29639,
421,,,2e-05,,,97853,413972.931841488,1773036173.7281172,,,29659,
422,,,2e-05,,,97858,413973.718593667,1773036174.5149,,,29659,
423,,,2e-05,,,97893,414024.475872976,1773036225.272165,,,29669,
424,,,2e-05,,,97958,414125.202806149,1773036325.999098,,,29689,
425,,,2e-05,,,98463,414882.445911347,1773037083.2421918,,,29839,
426,,,2e-05,,,98603,415130.809805524,1773037331.6060853,,,29889,
427,,,2e-05,,,98656,415184.332969214,1773037385.1292706,,,29899,
428,,,2e-05,,,98825,415436.798594421,1773037637.5948982,,,29949,
429,,,2e-05,,,98970,415685.874524959,1773037886.6707878,,,29999,
430,,,2e-05,,,99057,415789.943638986,1773037990.73993,,,30019,
431,,,2e-05,,,99190,415991.90427129,1773038192.700579,,,30059,
432,,,2e-05,,,99319,416192.826078162,1773038393.622243,,,30099,
433,,,2e-05,,,99416,416343.875884015,1773038544.672184,,,30129,
434,,,2e-05,,,99482,416444.705652404,1773038645.5019302,,,30149,
435,,,2e-05,,,100000,424955.868305649,1773047156.6646092,,,30309,
436,,,2e-05,,,100281,425362.179514871,1773047562.9758112,,,30389,
437,,,2e-05,,,100579,425816.493709184,1773048017.290003,,,30479,
438,,,2e-05,,,100594,425864.225171604,1773048065.0214703,,,30489,
439,,,2e-05,,,100768,426117.858733686,1773048318.6550186,,,30539,
440,,,2e-05,,,100827,426217.730370083,1773048418.5266607,,,30559,
441,,,2e-05,,,100900,426319.681763757,1773048520.4780564,,,30579,
442,,,2e-05,,,101054,426570.061397347,1773048770.8576524,,,30629,
443,,,2e-05,,,101090,426620.97289106,1773048821.7692037,,,30639,
444,,,2e-05,,,101340,426977.286615189,1773049178.082919,,,30709,
445,,,2e-05,,,101724,427581.010513459,1773049781.8067966,,,30829,
446,,,2e-05,,,101763,427632.478916624,1773049833.2752094,,,30839,
447,,,2e-05,,,101968,427936.477877539,1773050137.274165,,,30899,
448,,,2e-05,,,102008,428032.996601209,1773050233.792901,,,30919,
449,,,2e-05,,,102070,428133.229597628,1773050334.0258653,,,30939,
450,,,2e-05,,,102477,428740.481474184,1773050941.2777724,,,31059,
451,,,2e-05,,,102481,428741.111738398,1773050941.9080484,,,31059,
452,,,2.0000000000000003e-06,,,102748,436819.838634125,1773059020.634932,,,31139,
453,,,2.0000000000000003e-06,,,103442,437879.95056708,1773060080.7468736,,,31349,
454,,,2.0000000000000003e-06,,,103950,438639.04565213,1773060839.8419452,,,31499,
455,,,2.0000000000000003e-06,,,104180,438992.597462134,1773061193.393759,,,31569,
456,,,2.0000000000000003e-06,,,104219,439089.340280621,1773061290.136567,,,31589,
457,,,2.0000000000000003e-06,,,104244,439093.264435401,1773061294.0607262,,,31589,
458,,,,,,104250,439094.213881434,1773061295.0101438,,0.28912171721458435,31589,18.0
459,,,2.0000000000000003e-06,,,104429,439393.917657993,1773061594.7139492,,,31649,
460,,,2.0000000000000003e-06,,,104611,439648.658136271,1773061849.454436,,,31699,
461,,,2.0000000000000003e-06,,,104735,439849.919890949,1773062050.7161791,,,31739,
462,,,2.0000000000000003e-06,,,104886,440099.887407701,1773062300.6837015,,,31789,
463,,,2.0000000000000003e-06,,,104955,440201.334041572,1773062402.1303434,,,31809,
464,,,,,,105605,448863.355946555,1773071064.1520987,,0.43304872512817383,31999,18.0
465,,,2.0000000000000003e-06,,,105718,449062.035055102,1773071262.8313265,,,32039,
466,,,2.0000000000000003e-06,,,105741,449110.941266217,1773071311.7375567,,,32049,
467,,,2.0000000000000003e-06,,,106216,449820.781013098,1773072021.5773106,,,32189,
468,,,2.0000000000000003e-06,,,106251,449871.530055797,1773072072.3263574,,,32199,
469,,,2.0000000000000003e-06,,,106524,450277.463021413,1773072478.2592597,,,32279,
470,,,2.0000000000000003e-06,,,106757,450631.344209763,1773072832.1405082,,,32349,
471,,,2.0000000000000003e-06,,,106778,450679.912709331,1773072880.7089927,,,32359,
472,,,2.0000000000000003e-06,,,106862,450829.310434393,1773073030.1067104,,,32389,
473,,,2.0000000000000003e-06,,,106865,450829.771874932,1773073030.5681858,,,32389,
474,,,2.0000000000000003e-06,,,107000,451032.24841001,1773073233.0446901,,,32429,
475,,,2.0000000000000003e-06,,,107276,451438.359986922,1773073639.1562555,,,32509,
476,,,2.0000000000000003e-06,,,107435,451689.406491031,1773073890.2027822,,,32559,
477,,,2.0000000000000003e-06,,,107547,451842.820760257,1773074043.6170607,,,32589,
478,,,2.0000000000000003e-06,,,107971,452498.365032976,1773074699.1612914,,,32719,
479,,,2.0000000000000003e-06,,,108159,452799.571446319,1773075000.3677385,,,32779,
480,,,2.0000000000000003e-06,,,108205,452852.220734862,1773075053.017031,,,32789,
481,,,2.0000000000000003e-06,,,108262,460644.230012368,1773082845.0263054,,,32809,
482,,,2.0000000000000003e-06,,,108943,461700.984565627,1773083901.7808456,,,33019,
483,,,2.0000000000000003e-06,,,109055,461854.380910086,1773084055.1772106,,,33049,
484,,,2.0000000000000003e-06,,,109210,462105.490700867,1773084306.286991,,,33099,
485,,,2.0000000000000003e-06,,,110678,464329.22999811,1773086530.0262845,,,33539,
486,,,2.0000000000000003e-06,,,110833,464579.89925911,1773086780.6955655,,,33589,
487,,,2.0000000000000003e-06,,,111043,464884.758934781,1773087085.5552225,,,33649,
488,,,2.0000000000000003e-06,,,111122,472734.405491331,1773094935.2017815,,,33679,
489,,,2.0000000000000003e-06,,,111175,472788.159054677,1773094988.955351,,,33689,
490,,,2.0000000000000003e-06,,,111421,473189.118786943,1773095389.915043,,,33769,
491,,,,,,111847,473800.223239421,1773096001.0193918,,0.11850282549858093,33889,19.0
492,,,2.0000000000000003e-06,,,112255,474454.006300324,1773096654.8026009,,,34019,
493,,,2.0000000000000003e-06,,,112541,474906.499550982,1773097107.2958226,,,34109,
494,,,2.0000000000000003e-06,,,112742,475210.109968609,1773097410.9062626,,,34169,
495,,,2.0000000000000003e-06,,,113411,476222.755704301,1773098423.5519834,,,34369,
496,,,2.0000000000000003e-06,,,113495,476326.842395536,1773098527.638637,,,34389,
497,,,2.0000000000000003e-06,,,113552,476425.818421979,1773098626.6147108,,,34409,
498,,,2.0000000000000003e-06,,,113605,476525.15254244,1773098725.9488125,,,34429,
499,,,2.0000000000000003e-06,,,113719,476678.971694129,1773098879.7679918,,,34459,
